title,author,rank,votes,previous_rank,rank_change,goodreads
Middle-Earth Universe,J.R.R. Tolkien,1,404,2,1,https://www.goodreads.com/series/66175-middle-earth
First Law World,Joe Abercrombie,2,353,3,1,https://www.goodreads.com/series/150214-first-law-world
A Song of Ice and Fire,George R.R. Martin,3,336,4,1,https://www.goodreads.com/series/43790-a-song-of-ice-and-fire
The Stormlight Archive,Brandon Sanderson,4,293,1,-3,https://www.goodreads.com/series/49075-the-stormlight-archive
Realm of the Elderlings,Robin Hobb,5,269,7,2,https://www.goodreads.com/series/54099-the-realm-of-the-elderlings
Malazan Universe,Steven Erikson and Ian C. Esslemont,6,240,9,3,https://www.goodreads.com/series/49674-malazan
Wheel of Time,Robert Jordan,7,222,6,-1,https://www.goodreads.com/series/41526-the-wheel-of-time
Discworld,Terry Pratchett,8,210,8,0,https://www.goodreads.com/series/40650-discworld
Mistborn,Brandon Sanderson,8,210,5,-3,https://www.goodreads.com/series/40910-the-mistborn-saga
The Green Bone Saga,Fonda Lee,10,163,10,0,https://www.goodreads.com/series/216281-the-green-bone-saga
Red Rising,Pierce Brown,11,160,11,0,https://www.goodreads.com/series/117100-red-rising-saga
Harry Potter,J.K. Rowling,12,145,12,0,https://www.goodreads.com/series/45175-harry-potter
Gentleman Bastard,Scott Lynch,13,130,11,-2,https://www.goodreads.com/series/43531-gentleman-bastard
Piranesi,Susanna Clarke,14,118,23,9,https://www.goodreads.com/book/show/50202953-piranesi
Dune,Frank Herbert,15,117,15,0,https://www.goodreads.com/series/45935-dune
Earthsea Cycle,Ursula K. Le Guin,16,113,20,4,https://www.goodreads.com/series/40909-earthsea-cycle
Dungeon Crawler Carl,Matt Dinniman,17,112,120,103,https://www.goodreads.com/series/309211-dungeon-crawler-carl
The Kingkiller Chronicle,Patrick Rothfuss,18,111,13,-5,https://www.goodreads.com/series/45262-the-kingkiller-chronicle
The Locked Tomb,Tamsyn Muir,19,98,21,2,https://www.goodreads.com/series/229503-the-locked-tomb
Cradle,Will Wight,20,96,17,-3,https://www.goodreads.com/series/192821-cradle
The Murderbot Diaries,Martha Wells,21,92,18,-3,https://www.goodreads.com/series/191900-the-murderbot-diaries
The Wandering Inn,Pirateaba,22,85,101,79,https://www.goodreads.com/series/265443-the-wandering-inn
The Broken Earth,N.K. Jemisin,23,84,19,-4,https://www.goodreads.com/series/112296-the-broken-earth
Sun Eater,Christopher Ruocchio,24,81,81,57,https://www.goodreads.com/series/231285-the-sun-eater
The Expanse,James S.A. Corey,25,77,25,0,https://www.goodreads.com/series/56399-the-expanse
Osten Ard Saga,Tad Williams,26,74,43,17,https://www.goodreads.com/series/214148-osten-ard-saga
Jonathan Strange & Mr Norrell,Susanna Clarke,27,72,27,0,https://www.goodreads.com/book/show/14201.Jonathan_Strange_Mr_Norrell
The Dresden Files,Jim Butcher,28,69,16,-12,https://www.goodreads.com/series/40346-the-dresden-files
Hierarchy,James Islington,29,66,,,https://www.goodreads.com/series/358080-hierarchy
Sarantine Universe,Guy Gavriel Kay,29,66,89,60,https://www.goodreads.com/series/49173-sarantine-mosaic
Hainish Cycle,Ursula K. Le Guin,31,65,39,8,https://www.goodreads.com/series/49359-hainish-cycle
The Broken Empire Universe,Mark Lawrence,32,58,101,69,https://www.goodreads.com/series/64473-the-broken-empire
The Chronicles of Osreth,Katherine Addison,33,57,36,3,https://www.goodreads.com/series/241702-the-chronicles-of-osreth
The Second Apocalypse,R. Scott Bakker,34,55,61,27,https://www.goodreads.com/series/83561-the-second-apocalypse
Cosmere,Brandon Sanderson,35,54,,,https://www.goodreads.com/series/135117-the-cosmere
His Dark Materials,Philip Pullman,36,52,28,-8,https://www.goodreads.com/series/44427-his-dark-materials
The Witcher,Andrzej Sapkowski,36,52,22,-14,https://www.goodreads.com/series/40911-the-witcher
The Chronicles of the Black Company,Glen Cook,36,52,53,17,https://www.goodreads.com/series/54284-the-chronicles-of-the-black-company
Solar Cycle,Gene Wolfe,36,52,39,3,https://www.goodreads.com/series/41474-the-book-of-the-new-sun
The Dark Tower,Stephen King,40,50,24,-16,https://www.goodreads.com/series/40750-the-dark-tower
The Scholomance,Naomi Novik,40,50,52,12,https://www.goodreads.com/series/282152-the-scholomance
Hyperion Cantos,Dan Simmons,40,50,26,-14,https://www.goodreads.com/series/40461-hyperion-cantos
Project Hail Mary,Andy Weir,43,48,45,2,https://www.goodreads.com/book/show/54493401-project-hail-mary
The Dandelion Dynasty,Ken Liu,44,47,84,40,https://www.goodreads.com/series/117103-the-dandelion-dynasty
The Sword of Kaigen,M.L. Wang,45,46,76,31,https://www.goodreads.com/book/show/41886271-the-sword-of-kaigen
World of the Five Gods,Lois McMaster Bujold,46,45,45,-1,https://www.goodreads.com/series/43463-world-of-the-five-gods-publication
The Spear Cuts Through Water,Simon Jimenez,47,44,235,188,https://www.goodreads.com/book/show/55868456-the-spear-cuts-through-water
Wayfarers,Becky Chambers,48,43,32,-16,https://www.goodreads.com/series/170872-wayfarers
Riyria Revelations,Michael J. Sullivan,49,42,34,-15,https://www.goodreads.com/series/96465-the-riyria-revelations
One Piece,Eiichiro Oda,50,41,57,7,https://www.goodreads.com/series/57193-one-piece
The Banished Lands,John Gwynne,51,40,36,-15,https://www.goodreads.com/shelf/show/the-banished-lands
Vorkosigan Saga,Lois McMaster Bujold,51,40,84,33,https://www.goodreads.com/series/98254-vorkosigan-saga-chronological
Blood Over Bright Haven,M.L. Wang,53,35,,,https://www.goodreads.com/book/show/208430658-blood-over-bright-haven
Ender's Saga,Orson Scott Card,53,35,48,-5,https://www.goodreads.com/series/43963-ender-s-saga
Kushiel's Universe,Jacqueline Carey,53,35,61,8,https://www.goodreads.com/series/83135-kushiel-s-universe
The Masquerade,Seth Dickinson,56,34,53,-3,https://www.goodreads.com/series/199001-the-masquerade
Shadow of the Leviathan,Robert Jackson Bennett,56,34,,,https://www.goodreads.com/series/362899-shadow-of-the-leviathan
Teixcalaan,Arkady Martine,56,34,41,-15,https://www.goodreads.com/series/233352-teixcalaan
This Is How You Lose the Time War,Amal El-Mohtar and Max Gladstone,59,33,81,22,https://goodreads.com/book/show/43352954-this-is-how-you-lose-the-time-war
Children of Time,Adrian Tchaikovsky,60,32,35,-25,https://www.goodreads.com/series/247630-children-of-time
New Crobuzon,China Miéville,60,32,78,18,https://www.goodreads.com/series/61490-new-crobuzon
Tortall,Tamora Pierce,60,32,65,5,https://www.goodreads.com/series/50262-tortall
Remembrance of Earth's Past,Cixin Liu,60,32,70,10,https://www.goodreads.com/book/show/34569357-remembrance-of-earth-s-past
Hitchhiker's Guide to the Galaxy,Douglas Adams,64,31,31,-33,https://www.goodreads.com/series/40957-the-hitchhiker-s-guide-to-the-galaxy
The Old Kingdom / Abhorsen,Garth Nix,64,31,48,-16,https://www.goodreads.com/series/195520-the-old-kingdom
The Library at Mount Char,Scott Hawkins,66,30,65,-1,https://www.goodreads.com/book/show/26892110-the-library-at-mount-char
Blacktongue,Christopher Buehlman,67,29,93,26,https://www.goodreads.com/series/311116-blacktongue
Grishaverse,Leigh Bardugo,67,29,58,-9,https://www.goodreads.com/series/235076-grishaverse
Tigana,Guy Gavriel Kay,69,27,61,-8,https://www.goodreads.com/book/show/104089.Tigana
The Band,Nicholas Eames,69,27,36,-33,https://www.goodreads.com/series/193556-the-band
Powder Mage,Brian McClellan,69,27,43,-26,https://www.goodreads.com/series/99602-powder-mage
The Left Hand of Darkness,Ursula K. Le Guin,72,26,39,-33,https://www.goodreads.com/book/show/18423.The_Left_Hand_of_Darkness
Rook & Rose,M.A. Carrick,72,26,126,54,https://www.goodreads.com/series/287237-rook-rose
Circe,Madeline Miller,72,26,50,-22,https://www.goodreads.com/book/show/35959740-circe
Gormenghast,Mervyn Peake,72,26,93,21,https://www.goodreads.com/series/45757-gormenghast
Spinning Silver,Naomi Novik,76,25,93,17,https://www.goodreads.com/book/show/36896898-spinning-silver
Terra Ignota,Ada Palmer,76,25,101,25,https://www.goodreads.com/series/166200-terra-ignota
Worm,Wildbow,76,25,68,-8,https://parahumans.wordpress.com/
Berserk,Kentaro Miura,76,25,53,-23,https://www.goodreads.com/series/79796-berserk
Riftwar Cycle,Raymond E. Feist,76,25,89,13,https://www.goodreads.com/series/49642-riftwar-cycle
The Chronicles of Narnia,C.S. Lewis,81,24,58,-23,https://www.goodreads.com/series/49073-the-chronicles-of-narnia-publication-order
The Bound and the Broken,Ryan Cahill,81,24,137,56,https://www.goodreads.com/series/309359-the-bound-and-the-broken
Imperial Radch,Ann Leckie,83,23,113,30,https://www.goodreads.com/series/113751-imperial-radch
Between Two Fires,Christopher Buehlman,83,23,183,100,https://www.goodreads.com/book/show/13543121-between-two-fires
Howl's Castle,Diana Wynne Jones,83,23,70,-13,https://www.goodreads.com/series/80111-howl-s-moving-castle
Mother of Learning,Nobody103 / Domagoj Kurmaić,83,23,89,6,https://www.goodreads.com/series/336405-mother-of-learning
Licanius Trilogy,James Islington,83,23,93,10,https://www.goodreads.com/series/136308-the-licanius-trilogy
The World of the White Rat,T. Kingfisher,83,23,137,54,https://www.goodreads.com/series/307546-the-world-of-the-white-rat
The Dispossessed,Ursula K. Le Guin,89,22,39,-50,https://www.goodreads.com/book/show/13651.The_Dispossessed
Lays of the Hearth-Fire,Victoria Goddard,89,22,147,58,https://www.goodreads.com/series/331229-lays-of-the-hearth-fire
Frankenstein,Mary Shelley,89,22,167,78,https://www.goodreads.com/book/show/35031085-frankenstein
The Divine Cities,Robert Jackson Bennett,92,21,84,-8,https://www.goodreads.com/series/159695-the-divine-cities
Long Price Quartet,Daniel Abraham,92,21,70,-22,https://www.goodreads.com/series/43409-long-price-quartet
The Winternight Trilogy,Katherine Arden,92,21,70,-22,https://www.goodreads.com/series/198489-the-winternight-trilogy
Earthseed,Octavia E. Butler,92,21,101,9,https://www.goodreads.com/series/57804-earthseed
The Song of Achilles,Madeline Miller,96,20,78,-18,https://www.goodreads.com/book/show/13623848-the-song-of-achilles
The Tide Child,R.J. Barker,96,20,108,12,https://www.goodreads.com/series/258685-the-tide-child
Wars of Light and Shadow,Janny Wurts,98,19,126,28,https://www.goodreads.com/series/49113-wars-of-light-and-shadow
Kindred,Octavia E. Butler,98,19,93,-5,https://www.goodreads.com/book/show/60931.Kindred
The Memoirs of Lady Trent,Marie Brennan,98,19,84,-14,https://www.goodreads.com/series/107373-the-memoirs-of-lady-trent
The Books of the Raksura,Martha Wells,98,19,120,22,https://www.goodreads.com/series/65591-the-books-of-the-raksura
The Hunger Games,Suzanne Collins,102,18,183,81,https://www.goodreads.com/series/73758-the-hunger-games
Percy Jackson and the Olympians,Rick Riordan,103,17,29,-74,https://www.goodreads.com/series/40736-percy-jackson-and-the-olympians
Culture,Iain M. Banks,103,17,101,-2,https://www.goodreads.com/series/49118-culture
The Bloodsworn Trilogy,John Gwynne,105,16,70,-35,https://www.goodreads.com/series/273156-bloodsworn-saga
The Raven Cycle,Maggie Stiefvater,105,16,158,53,https://www.goodreads.com/series/73675-the-raven-cycle
Watership Down,Richard Adams,105,16,312,207,https://www.goodreads.com/series/93546-watership-down
The Books of Babel,Josiah Bancroft,105,16,29,-76,https://www.goodreads.com/series/127130-the-books-of-babel
Southern Reach,Jeff VanderMeer,105,16,126,21,https://www.goodreads.com/series/112239-southern-reach
The Inheritance Cycle,Christopher Paolini,105,16,93,-12,https://www.goodreads.com/series/44866-the-inheritance-cycle
Babel,R.F. Kuang,111,15,126,15,https://www.goodreads.com/book/show/57945316-babel
The Last Unicorn,Peter S. Beagle,111,15,93,-18,https://www.goodreads.com/series/108965-the-last-unicorn
Fullmetal Alchemist,Hiromu Arakawa,111,15,113,2,https://www.goodreads.com/book/show/52848301-fullmetal-alchemist
The Radiant Emperor,Shelley Parker-Chan,114,14,167,53,https://www.goodreads.com/series/304356-the-radiant-emperor
1984,George Orwell,114,14,201,87,https://www.goodreads.com/book/show/61439040-1984
Station Eleven,Emily St. John Mandel,114,14,147,33,https://www.goodreads.com/book/show/20170404-station-eleven
Empire of the Vampire,Jay Kristoff,114,14,158,44,https://www.goodreads.com/series/254488-empire-of-the-vampire
The Magicians,Lev Grossman,114,14,120,6,https://www.goodreads.com/series/50834-the-magicians
The Daevabad Trilogy,S.A. Chakraborty,114,14,108,-6,https://www.goodreads.com/series/211584-the-daevabad-trilogy
Craft Sequence,Max Gladstone,114,14,167,53,https://www.goodreads.com/series/91029-craft-sequence
Queen's Thief,Megan Whalen Turner,114,14,147,33,https://www.goodreads.com/series/43514-the-queen-s-thief
Monk & Robot,Becky Chambers,122,13,167,45,https://www.goodreads.com/series/239322-monk-and-robot
Temeraire,Naomi Novik,122,13,137,15,https://www.goodreads.com/series/43272-temeraire
A Practical Guide to Evil,ErraticErrata,122,13,235,113,https://practicalguidetoevil.wordpress.com/author/erraticerrata/
The Night Circus,Erin Morgenstern,122,13,137,15,https://www.goodreads.com/book/show/9361589-the-night-circus
Lightbringer,Brent Weeks,122,13,53,-69,https://www.goodreads.com/series/291662-lightbringer
Mage Errant,John Bierce,122,13,120,-2,https://www.goodreads.com/series/252085-mage-errant
The Dark Profit Saga,J. Zachary Pike,122,13,183,61,https://www.goodreads.com/series/207236-the-dark-profit-saga
Uprooted,Naomi Novik,122,13,147,25,https://www.goodreads.com/book/show/22544764-uprooted
The Warlord Chronicles,Bernard Cornwell,122,13,147,25,https://www.goodreads.com/series/250571-the-warlord-chronicles
The Singing Hills Cycle,Nghi Vo,122,13,108,-14,https://www.goodreads.com/series/288518-the-singing-hills-cycle
Roots of Chaos,Samantha Shannon,122,13,108,-14,https://www.goodreads.com/series/341670-the-roots-of-chaos
Codex Alera,Jim Butcher,133,12,201,68,https://www.goodreads.com/series/45545-codex-alera
House of Leaves,Mark Z. Danielewski,133,12,535,402,https://www.goodreads.com/book/show/24800.House_of_Leaves
The Burning Kingdoms,Tasha Suri,133,12,126,-7,https://www.goodreads.com/series/290186-the-burning-kingdoms
Redwall,Brian Jacques,133,12,147,14,https://www.goodreads.com/book/show/7996.Redwall
Legends and Lattes,Travis Baldree,133,12,58,-75,https://www.goodreads.com/series/360265-legends-lattes
The Burning,Evan Winter,133,12,76,-57,https://www.goodreads.com/series/250573-the-burning
Warbreaker,Brandon Sanderson,139,11,41,-98,https://www.goodreads.com/book/show/1268479.Warbreaker
Cloud Atlas,David Mitchell,139,11,378,239,https://www.goodreads.com/book/show/49628.Cloud_Atlas
Lady Astronaut,Mary Robinette Kowal,139,11,126,-13,https://www.goodreads.com/series/193730-lady-astronaut-universe
Deerskin,Robin McKinley,139,11,313,174,https://www.goodreads.com/book/show/8087.Deerskin
The Tyrant Philosophers,Adrian Tchaikovsky,139,11,,,https://www.goodreads.com/series/377488-the-tyrant-philosophers
Empire of the Wolf,Richard Swan,139,11,313,174,https://www.goodreads.com/series/324773-empire-of-the-wolf
Vita Nostra,Marina and Sergey Dyachenko,139,11,201,62,https://www.goodreads.com/book/show/38633526-vita-nostra
Foundation,Isaac Asimov,139,11,113,-26,https://www.goodreads.com/series/59386-foundation-publication-order
The Elric Saga,Michael Moorcock,139,11,235,96,https://www.goodreads.com/series/42326-the-elric-saga
The Empire Trilogy,Raymond Feist and Janny Wurts,139,11,89,-50,https://www.goodreads.com/series/44298-the-empire-trilogy
Acts of Caine,Matthew Woodring Stover,139,11,201,62,https://www.goodreads.com/series/53770-the-acts-of-caine
The Starless Sea,Erin Morgenstern,150,10,167,17,https://www.goodreads.com/book/show/43575115-the-starless-sea
The Princess Bride,William Goldman,150,10,158,8,https://www.goodreads.com/book/show/21787.The_Princess_Bride
The Empyrean,Rebecca Yarros,150,10,,,https://www.goodreads.com/series/362915-the-empyrean
Emily Wilde,Heather Fawcett,150,10,,,https://www.goodreads.com/series/353912-emily-wilde
Anathem,Neal Stephenson,150,10,120,-30,https://www.goodreads.com/book/show/2845024-anathem
The Adventures of Amina Al-Sirafi,Shannon Chakraborty,150,10,,,https://www.goodreads.com/series/289717-amina-al-sirafi
The Once and Future King,T.H. White,150,10,167,17,https://www.goodreads.com/series/57017-the-once-and-future-king
Watchmen,Alan Moore and Dave Gibbons,150,10,378,228,https://www.goodreads.com/book/show/472331.Watchmen
Shadows of The Apt,Adrian Tchaikovsky,150,10,201,51,https://www.goodreads.com/series/45895-shadows-of-the-apt
A Picture of Dorian Gray,Oscar Wilde,150,10,201,51,https://www.goodreads.com/book/show/489732.The_Picture_of_Dorian_Gray
Shades of Magic,V.E. Schwab,150,10,267,117,https://www.goodreads.com/series/122142-shades-of-magic
